StartDate,EndDate,Status,IPAddress,Progress,Duration (in seconds),Finished,RecordedDate,ResponseId,RecipientLastName,RecipientFirstName,RecipientEmail,ExternalReference,LocationLatitude,LocationLongitude,DistributionChannel,UserLanguage,consent,anxious,overwhelmed,unmotivated,relaxed,energetic,motivated,AHS1,AHS2,AHS3,AHS4,AHS5,AHS6,AHS7,AHS8,AHS9,AHS10,AHS11,AHS12,FSQ_Similarity1,FSQ_Similarity2,FSQ_Similarity3,FSQ_Similarity4,FSQ_Vividness1,FSQ_Vividness2,FSQ_Vividness3,FSQ_Positivity1,FSQ_Positivity2,FSQ_Positivity3,user_id,cond
2025-10-06 16:25:34,2025-10-06 16:27:08,0,68.96.38.128,100,94,1,2025-10-06 16:27:08,R_6WvcTq25axcmgY4,,,,,30.0521,-89.9584,anonymous,EN,1,4,2,2,5,4,5,8,7,5,7,2,7,5,7,8,6,4,6,3,4,3,3,2,3,2,3,4,4,67296c945c2b23b3b4f9d079,text
2025-10-06 16:25:24,2025-10-06 16:27:41,0,24.61.182.53,100,137,1,2025-10-06 16:27:41,R_32qYQJ0uKODdBaW,,,,,42.991,-71.4891,anonymous,EN,1,7,6,2,1,6,6,7,7,8,7,1,8,8,8,8,2,8,6,4,5,6,6,5,5,2,5,6,6,666559e634fffd1ce19ba654,voice
2025-10-06 16:25:12,2025-10-06 16:27:59,0,66.42.18.246,100,166,1,2025-10-06 16:27:59,R_5XmrZ92i4qaRETy,,,,,28.4338,-81.3472,anonymous,EN,1,5,5,3,3,5,5,8,7,5,8,1,8,5,8,8,7,6,8,4,3,4,4,2,1,1,3,3,4,5c3e359b08a31d000166b9aa,text
2025-10-06 16:27:10,2025-10-06 16:29:15,0,70.120.180.7,100,125,1,2025-10-06 16:29:15,R_6djcoVJAjF5ZjK2,,,,,31.8211,-106.5739,anonymous,EN,1,5,3,3,6,5,5,5,6,6,7,5,7,5,5,7,6,5,5,4,5,4,4,4,5,4,4,5,5,66a02d45a7db35d93c9f6a81,avatar
2025-10-06 16:27:14,2025-10-06 16:33:15,0,98.51.11.81,100,360,1,2025-10-06 16:33:15,R_3Du57GESDSdQVgH,,,,,38.5879,-121.4053,anonymous,EN,1,7,7,5,1,3,4,5,6,8,7,6,5,8,5,7,1,7,2,2,4,4,4,3,2,2,3,3,3,67414dcbcf89f6a633385d49,voice
2025-10-06 16:33:42,2025-10-06 16:38:07,0,24.192.168.61,100,264,1,2025-10-06 16:38:07,R_7Q7HCgSS9IKqdY5,,,,,42.6206,-82.9608,anonymous,EN,1,1,1,1,7,7,7,5,8,1,5,1,5,5,5,8,5,1,8,2,3,3,3,2,2,2,3,3,5,62d43cee3d60ac98c1dcacc8,voice
2025-10-06 16:35:53,2025-10-06 16:38:51,0,68.194.179.11,100,178,1,2025-10-06 16:38:52,R_1OWGgRqzK7ipo2Z,,,,,41.3412,-73.882,anonymous,EN,1,6,5,5,4,3,4,7,7,4,7,4,6,4,7,7,7,5,6,4,4,4,4,2,3,2,4,4,4,610835949b556d70924fd817,text
2025-10-06 16:37:23,2025-10-06 16:40:55,0,67.165.179.16,100,212,1,2025-10-06 16:40:55,R_6Dkmyo9LC15FTNX,,,,,41.9025,-87.6726,anonymous,EN,1,5,5,3,3,6,6,5,7,4,6,4,5,6,5,5,5,6,6,4,3,4,4,2,2,3,4,5,5,671b277a6d04904df5f9503b,avatar
2025-10-06 16:36:31,2025-10-06 16:40:59,0,174.234.147.80,100,267,1,2025-10-06 16:40:59,R_6B9Afpojfriz6F7,,,,,45.0196,-93.2402,anonymous,EN,1,5,5,5,3,3,4,5,5,6,4,3,4,4,4,3,2,7,3,5,5,5,5,3,3,2,2,4,2,5d2e4267565e1200017efb42,voice
2025-10-06 16:38:23,2025-10-06 16:41:00,0,24.128.221.161,100,156,1,2025-10-06 16:41:00,R_5rDD0uzmnYxNpZk,,,,,41.8993,-84.0402,anonymous,EN,1,2,2,1,5,4,5,7,6,2,7,2,6,7,7,8,5,6,7,2,5,5,5,3,3,2,1,5,5,5d90298097a2130015f3fa3c,text
2025-10-06 16:41:23,2025-10-06 16:42:13,0,73.148.97.252,100,50,1,2025-10-06 16:42:13,R_7iYB4OnmI18J0iZ,,,,,39.018,-77.539,anonymous,EN,1,1,1,1,6,5,6,7,6,6,6,7,7,5,5,6,6,7,6,5,4,4,5,4,4,4,3,4,4,60fd6618f9a377f54dcdf318,text
2025-10-06 16:40:34,2025-10-06 16:42:32,0,24.205.220.57,100,117,1,2025-10-06 16:42:32,R_5dNgGyDSzXnpOjw,,,,,38.9177,-119.7266,anonymous,EN,1,6,6,1,2,2,6,7,6,8,7,2,5,5,5,7,3,8,7,2,5,2,5,2,1,1,5,5,5,60bff9298f56d55c8ecd9adf,text
2025-10-06 16:40:27,2025-10-06 16:42:56,0,67.141.88.197,100,149,1,2025-10-06 16:42:57,R_1ybNRfdCZh63a49,,,,,41.6969,-79.0326,anonymous,EN,1,5,5,3,3,5,5,8,7,5,6,1,6,7,5,7,3,8,7,5,5,5,5,3,3,2,3,3,3,66b93ba9ccbb002158c59355,text
2025-10-06 16:41:07,2025-10-06 16:43:02,0,70.57.91.198,100,114,1,2025-10-06 16:43:02,R_7zUeP7W0tpDcylD,,,,,37.168,-93.3039,anonymous,EN,1,3,2,3,6,3,6,5,6,8,6,6,6,7,3,6,3,7,6,4,4,4,4,3,3,3,3,3,3,5efaf5d5540ce9953f995009,voice
2025-10-06 16:41:17,2025-10-06 16:43:49,0,45.24.17.89,100,152,1,2025-10-06 16:43:50,R_1F2FjRn7AXzwAXT,,,,,32.3904,-93.7117,anonymous,EN,1,2,2,1,6,5,6,4,6,4,6,7,7,6,6,6,6,5,5,3,4,4,4,3,3,3,5,5,5,66199822c723a66ae0d5fc24,text
2025-10-06 16:43:15,2025-10-06 16:44:30,0,130.45.30.156,100,75,1,2025-10-06 16:44:31,R_5ohHAUKkV4MR6kD,,,,,30.2661,-97.7136,anonymous,EN,1,1,1,1,6,6,7,6,6,3,6,5,6,7,6,7,6,6,6,2,4,4,4,3,2,3,4,4,4,66a9979ad8c56c6f29446781,avatar
2025-10-06 16:43:22,2025-10-06 16:44:33,0,96.58.146.20,100,71,1,2025-10-06 16:44:34,R_7F0qlcAsIPVV5tf,,,,,27.5595,-82.3934,anonymous,EN,1,5,5,1,4,4,5,5,4,5,4,5,5,5,5,5,5,5,5,3,3,3,3,3,3,3,2,2,2,6340b7955ab968e4426eb476,avatar
2025-10-06 16:41:15,2025-10-06 16:44:36,0,68.134.247.44,100,200,1,2025-10-06 16:44:36,R_15vlf4rULSADuiO,,,,,39.3888,-76.4988,anonymous,EN,1,1,1,1,6,7,6,7,8,1,7,2,7,2,7,8,7,1,7,2,5,2,5,1,2,2,6,6,6,66463e4efb99fba5a67a010a,text
2025-10-06 16:39:27,2025-10-06 16:44:38,0,107.10.39.142,100,310,1,2025-10-06 16:44:38,R_7V28BiZTA7EWsIq,,,,,41.4344,-81.6373,anonymous,EN,1,6,3,3,5,4,4,6,6,6,7,5,6,8,6,5,4,6,5,1,4,4,4,2,4,4,4,4,5,67a8bfb2f846cd3ea9bcd898,text
2025-10-06 16:41:44,2025-10-06 16:45:09,0,69.142.3.0,100,205,1,2025-10-06 16:45:09,R_1ZEm2Ws9hfFrymT,,,,,40.0881,-74.1195,anonymous,EN,1,2,5,4,5,5,4,6,7,5,6,2,6,7,4,2,1,7,4,3,3,4,5,1,1,1,3,3,3,6643cbd6903cfc9bd5d0be09,text
2025-10-06 16:41:35,2025-10-06 16:47:50,0,71.85.246.192,100,375,1,2025-10-06 16:47:51,R_5FjqWA2qAClYgQ9,,,,,38.2309,-90.3857,anonymous,EN,1,5,6,2,4,6,6,6,7,5,7,2,6,3,7,6,6,7,6,3,5,3,4,4,4,5,4,5,5,628f83dc5398c04bac86f9e6,voice
2025-10-06 16:45:05,2025-10-06 16:48:44,0,35.146.5.144,100,218,1,2025-10-06 16:48:44,R_1HQt12TOvPqEk6d,,,,,32.7226,-97.0785,anonymous,EN,1,6,3,2,4,6,3,5,5,5,6,5,4,6,4,2,3,7,3,3,4,4,4,3,4,4,4,5,5,6113ffbf45e79bc2769db74c,text
2025-10-06 16:48:31,2025-10-06 16:49:39,0,47.208.156.162,100,68,1,2025-10-06 16:49:39,R_7NafWpVibT621Xj,,,,,40.9465,-124.0834,anonymous,EN,1,5,5,2,3,6,5,7,7,2,7,1,7,2,6,7,7,3,7,2,3,3,3,2,1,3,3,3,4,6643f08978c19c6cf8de82d4,voice
2025-10-06 16:46:30,2025-10-06 16:49:51,0,73.197.154.140,100,201,1,2025-10-06 16:49:52,R_3RrUieKTpM4rBnr,,,,,39.6365,-74.8024,anonymous,EN,1,2,1,1,6,4,6,7,7,2,7,2,7,2,7,7,2,2,7,2,3,3,3,2,2,2,2,2,3,5a198755f2e3460001edc5c9,text
2025-10-06 16:51:28,2025-10-06 16:53:12,0,23.117.218.17,100,104,1,2025-10-06 16:53:12,R_5uP6Eb85ppxnHVV,,,,,38.2132,-84.5455,anonymous,EN,1,5,2,6,7,4,3,6,4,7,6,2,5,7,5,5,5,7,3,2,5,4,5,4,3,3,5,6,5,676f6e127fe25105c06e8775,text
2025-10-06 16:48:16,2025-10-06 16:53:20,0,46.110.179.173,100,304,1,2025-10-06 16:53:21,R_5sZWUzn2e43THmp,,,,,41.4943,-90.5001,anonymous,EN,1,6,3,1,3,2,6,6,6,8,6,2,4,7,6,5,3,8,7,4,4,4,5,2,2,2,2,3,3,62c63362e7342ad8be294866,voice
2025-10-06 16:52:46,2025-10-06 16:54:46,0,68.96.110.52,100,120,1,2025-10-06 16:54:46,R_5AEFXQVFkBoGLjH,,,,,36.1091,-114.9206,anonymous,EN,1,5,6,3,2,4,5,5,5,6,5,4,5,5,5,5,5,7,7,3,4,4,4,4,4,4,3,3,3,6785704c3b1ab8813a4958b0,avatar
2025-10-06 16:51:57,2025-10-06 16:54:59,0,174.68.195.156,100,181,1,2025-10-06 16:55:00,R_1q90uNsgIDrbaRZ,,,,,33.1617,-117.2429,anonymous,EN,1,4,3,4,2,3,2,7,6,3,8,1,8,7,5,5,4,6,3,1,3,3,3,3,3,2,5,5,5,65e122e74d202ea19cde5055,text
2025-10-06 16:53:29,2025-10-06 16:55:53,0,69.138.57.85,100,143,1,2025-10-06 16:55:53,R_1tbAPIzkBKSeaU7,,,,,36.3834,-86.4512,anonymous,EN,1,2,4,3,4,6,5,6,7,4,6,2,6,2,5,5,1,4,6,3,4,4,3,2,1,1,3,3,3,67884b1aa6c55d9dd2388778,avatar
2025-10-06 16:58:21,2025-10-06 16:59:33,0,98.26.71.77,100,72,1,2025-10-06 16:59:34,R_7gdrohT3kBTnTot,,,,,35.8015,-80.8967,anonymous,EN,1,5,4,2,6,4,6,8,8,7,7,3,8,8,6,7,7,2,6,3,3,4,5,4,4,5,5,4,4,58a1fe40ea3d11000170d9b9,text
2025-10-06 17:00:02,2025-10-06 17:02:36,0,73.45.84.68,100,154,1,2025-10-06 17:02:36,R_6MrtqksETSgZzDO,,,,,42.2586,-87.8406,anonymous,EN,1,2,1,1,6,5,7,8,7,5,8,2,8,5,7,8,6,7,7,4,5,5,6,4,2,3,5,6,5,674df71dd20065d29a151f43,voice
2025-10-06 16:41:40,2025-10-06 17:04:32,0,70.188.239.123,100,1371,1,2025-10-06 17:04:32,R_7MFMOvLGq6oby0a,,,,,30.4863,-87.1829,anonymous,EN,1,1,1,1,6,6,7,5,8,2,5,1,5,3,7,8,5,4,7,2,4,3,5,4,3,4,5,5,5,660cda55786e37b1cbb49717,voice
2025-10-06 17:01:23,2025-10-06 17:04:33,0,70.40.79.140,100,190,1,2025-10-06 17:04:33,R_3zomvowJENA3ZS1,,,,,34.2563,-78.0447,anonymous,EN,1,6,6,6,2,2,2,2,2,7,3,5,2,6,3,3,1,7,1,3,3,3,3,2,2,2,2,3,3,5c7cf8b58ca9000001b52f6e,avatar
2025-10-06 17:02:02,2025-10-06 17:04:37,0,24.229.163.152,100,155,1,2025-10-06 17:04:37,R_66kDMxDHTbRlgZt,,,,,40.5929,-75.1025,anonymous,EN,1,5,5,5,5,2,2,6,3,6,5,3,4,5,6,3,3,6,3,5,5,5,5,2,1,2,2,4,4,6625ac4d6f5a636552f8adf0,voice
2025-10-06 17:01:39,2025-10-06 17:06:03,0,96.234.36.212,100,264,1,2025-10-06 17:06:03,R_1o0xFinEgiOqwEx,,,,,40.9373,-74.1563,anonymous,EN,1,5,5,4,4,3,3,6,5,6,5,3,7,6,5,6,3,7,6,3,4,3,4,2,2,1,3,3,3,5ac5260dfa3b4e0001736dd3,avatar
2025-10-06 17:05:43,2025-10-06 17:07:38,0,24.186.234.117,100,115,1,2025-10-06 17:07:39,R_5lsLSpJZt07MO36,,,,,41.0641,-73.548,anonymous,EN,1,1,1,1,1,1,1,7,8,4,6,5,7,5,7,7,6,7,8,3,5,5,5,1,1,1,1,1,1,6745731e75a88802a56be3ef,voice
2025-10-06 17:08:09,2025-10-06 17:10:14,0,136.52.20.104,100,125,1,2025-10-06 17:10:14,R_1y3r6L0WmQ9iA3n,,,,,33.7389,-117.748,anonymous,EN,1,5,5,4,3,4,4,6,6,5,5,4,6,6,6,6,6,6,6,2,2,2,2,3,3,3,3,4,4,671eefb130967a416003ffea,voice
2025-10-06 17:07:54,2025-10-06 17:10:35,0,108.53.131.245,100,161,1,2025-10-06 17:10:35,R_7MXtVRFrjARCNPo,,,,,40.3209,-74.4208,anonymous,EN,1,5,4,2,4,4,5,5,7,5,7,5,7,7,5,6,7,6,5,3,4,3,4,2,3,2,2,3,2,6789ac8527bbce25fe21a7a4,voice
2025-10-06 17:07:41,2025-10-06 17:13:28,0,216.49.22.156,100,347,1,2025-10-06 17:13:29,R_3hXzI4Pv2PSzYMq,,,,,41.0274,-76.0036,anonymous,EN,1,3,4,1,6,3,7,5,8,8,6,5,6,8,5,1,4,8,8,2,2,1,4,2,1,4,2,2,3,60c8467d9872c0d83f695499,avatar
2025-10-06 17:11:47,2025-10-06 17:13:46,0,172.222.32.30,100,119,1,2025-10-06 17:13:47,R_7URtLwPivFqzNM5,,,,,45.0617,-83.4327,anonymous,EN,1,1,1,1,6,5,7,5,8,2,8,2,8,5,8,8,8,2,7,4,4,4,5,3,3,2,5,4,4,60ce89c7357eeffe77fca946,avatar
2025-10-06 17:10:44,2025-10-06 17:14:09,0,67.176.200.194,100,204,1,2025-10-06 17:14:09,R_3EBkArXTz4upri3,,,,,41.6904,-87.6157,anonymous,EN,1,1,1,1,6,4,5,7,5,6,5,2,5,5,5,4,3,1,5,5,5,5,5,4,2,2,3,5,5,5e850b0e390e520ec806b084,text
2025-10-06 17:13:41,2025-10-06 17:16:36,0,173.217.84.215,100,175,1,2025-10-06 17:16:37,R_6cnpWGzSpwEo2Ok,,,,,30.2159,-93.3585,anonymous,EN,1,5,4,3,5,4,6,8,5,5,8,4,8,7,6,6,4,7,8,3,3,4,5,3,1,2,3,3,3,67062295123561f8241f65fc,text
2025-10-06 17:14:44,2025-10-06 17:18:23,0,174.228.230.88,100,218,1,2025-10-06 17:18:23,R_1DqIfrMc6JmU1Y2,,,,,39.7513,-74.9999,anonymous,EN,1,5,5,3,4,5,5,5,4,4,6,6,5,6,5,6,3,7,3,2,3,2,4,2,3,2,3,3,3,57656f6c2bfddf000125cce5,avatar
2025-10-06 17:17:16,2025-10-06 17:19:58,0,73.191.242.28,100,162,1,2025-10-06 17:19:58,R_3LwoHHwu9a1ZrMB,,,,,42.4095,-82.947,anonymous,EN,1,2,7,5,5,1,3,7,5,8,8,3,7,1,8,8,3,6,5,2,4,2,2,1,1,1,4,5,6,663a5c3c9ca80f412652721d,voice
2025-10-06 17:17:12,2025-10-06 17:20:51,0,73.187.160.100,100,218,1,2025-10-06 17:20:52,R_5a8rhGn9xq1DAh0,,,,,39.9649,-77.0086,anonymous,EN,1,5,5,4,4,3,4,6,6,7,5,4,7,8,6,4,5,6,5,2,2,4,4,2,2,2,3,3,3,6722ae0741429fa41d8893db,text
2025-10-06 17:29:16,2025-10-06 17:35:15,0,174.227.250.38,100,359,1,2025-10-06 17:35:16,R_7y528zSVaytAU9j,,,,,28.5177,-81.4508,anonymous,EN,1,1,2,1,7,6,7,8,7,1,8,1,8,6,8,7,8,1,7,4,2,3,2,3,4,2,3,4,3,6722b6b9cb69415ce7f4c688,voice
2025-10-06 17:34:40,2025-10-06 17:36:53,0,74.68.36.169,100,132,1,2025-10-06 17:36:53,R_19wZnyiKzozaWFr,,,,,40.7157,-74,anonymous,EN,1,3,3,5,5,3,3,6,6,1,6,3,7,7,6,6,3,6,5,2,2,3,3,2,2,1,3,3,3,663a7af013938e6bbfb065d5,text
2025-10-06 17:35:16,2025-10-06 17:37:10,0,35.145.40.128,100,114,1,2025-10-06 17:37:10,R_7rA6Q0CWxxbZvN6,,,,,28.5464,-81.2585,anonymous,EN,1,2,2,2,6,6,6,7,7,2,7,2,6,2,6,7,6,3,6,2,5,5,5,2,2,2,5,5,5,66ecded667f721bca7e5609d,text
2025-10-06 17:39:53,2025-10-06 17:44:22,0,174.231.132.74,100,268,1,2025-10-06 17:44:22,R_6UYtG9LzslsxvVZ,,,,,47.6109,-122.3303,anonymous,EN,1,5,1,2,6,5,5,6,6,5,5,7,6,8,5,2,3,6,5,3,3,4,4,2,4,2,2,3,3,671d553e0d035028da7d29a1,text
2025-10-06 17:44:15,2025-10-06 17:45:23,0,70.228.76.115,100,68,1,2025-10-06 17:45:24,R_13LvvIZfxVy11Zf,,,,,37.26,-121.9173,anonymous,EN,1,2,2,2,6,3,6,7,6,3,6,3,8,6,7,8,5,6,7,4,4,4,4,3,2,3,4,4,4,57d6dd8d6598aa000199188b,text
2025-10-06 17:42:11,2025-10-06 17:46:50,0,73.91.134.135,100,279,1,2025-10-06 17:46:50,R_3TXjQoBx9seF7ME,,,,,35.164,-89.7826,anonymous,EN,1,2,5,7,5,5,3,5,7,5,7,4,3,7,4,4,2,7,4,3,6,4,6,1,1,1,2,3,3,6630f48f17953c0cd655713e,text
2025-10-06 17:46:22,2025-10-06 17:48:22,0,24.45.3.35,100,120,1,2025-10-06 17:48:22,R_6ctS1jmQWFtwBcN,,,,,40.8731,-74.7426,anonymous,EN,1,2,3,2,5,3,3,6,5,3,6,3,5,3,6,6,6,3,5,4,4,4,4,3,3,3,4,4,4,677991de3695b0255b8c8bd2,avatar
2025-10-06 17:48:08,2025-10-06 17:53:55,0,108.54.202.16,100,347,1,2025-10-06 17:53:56,R_7TBVxpNf8iESOQx,,,,,40.6764,-73.8753,anonymous,EN,1,6,5,6,2,1,2,7,5,7,7,2,8,8,5,7,5,8,5,1,3,3,4,3,2,4,4,5,5,663a3ec623585cdc234e2dc5,text
2025-10-06 17:47:31,2025-10-06 17:54:02,0,75.65.24.102,100,391,1,2025-10-06 17:54:03,R_7JaUl6W4ONQhPMd,,,,,35.056,-89.8598,anonymous,EN,1,7,7,7,1,1,1,5,4,7,5,2,6,8,3,1,1,8,1,4,4,4,4,1,1,1,3,3,3,660b1447c1e2bd7f4969dd42,avatar
2025-10-06 17:52:36,2025-10-06 17:54:13,0,172.225.30.21,100,96,1,2025-10-06 17:54:13,R_1mml7pEspCFgxsW,,,,,39.0469,-77.4903,anonymous,EN,1,1,1,1,7,7,5,6,7,3,5,1,7,5,5,7,4,7,5,5,5,5,5,5,5,3,5,3,5,6797d5ada6654ec99f741b08,voice
2025-10-06 17:53:08,2025-10-06 17:56:15,0,107.140.107.240,100,187,1,2025-10-06 17:56:15,R_5qEmKzEhknDjj93,,,,,41.6055,-81.4654,anonymous,EN,1,1,1,1,7,3,5,8,8,8,8,2,8,5,8,8,8,2,7,5,5,5,5,4,4,5,4,6,5,63e55bb2f8e6aec6a4031bd8,voice
2025-10-06 17:42:28,2025-10-06 17:56:31,0,172.59.220.33,100,842,1,2025-10-06 17:56:31,R_5nAdstAJ3xXWCYM,,,,,35.2369,-80.8957,anonymous,EN,1,6,6,1,4,5,7,7,8,4,8,1,8,6,8,7,5,7,8,2,4,4,5,3,2,4,5,5,5,60bec2aeb32067ea868876ec,text
2025-10-06 17:56:09,2025-10-06 17:58:16,0,73.33.36.237,100,126,1,2025-10-06 17:58:16,R_1tg0wAGSwwn2P6j,,,,,39.4494,-74.7307,anonymous,EN,1,2,5,3,5,3,5,6,5,2,5,3,6,4,6,7,5,4,6,2,4,4,5,2,3,3,4,5,4,5a98d411f05361000171ebe7,text
2025-10-06 17:57:45,2025-10-06 18:01:03,0,71.150.221.208,100,197,1,2025-10-06 18:01:04,R_6rBNh11rSzyHAxV,,,,,32.8646,-96.7884,anonymous,EN,1,4,5,2,4,3,5,5,6,6,7,6,6,8,5,5,5,7,5,1,3,1,3,1,1,1,3,2,3,66553eb5f10b5700001d20de,voice
2025-10-06 17:56:09,2025-10-06 18:02:52,0,24.130.93.19,100,403,1,2025-10-06 18:02:53,R_1hcJFNJMKI12GGO,,,,,37.5742,-122.325,anonymous,EN,1,2,2,2,5,4,5,6,6,4,7,4,5,5,5,7,7,6,6,2,2,3,3,3,2,2,3,3,3,6759fa50a9bb240e423de357,voice
2025-10-06 17:56:46,2025-10-06 18:02:59,0,73.169.117.139,100,372,1,2025-10-06 18:02:59,R_1dS3WJ3rh8OkCWO,,,,,39.8294,-104.9095,anonymous,EN,1,1,1,1,6,6,6,5,7,7,6,3,7,7,7,6,6,7,7,4,4,5,5,4,5,5,4,4,5,610508c09d61c098f072605b,text
2025-10-06 18:01:10,2025-10-06 18:03:06,0,73.133.191.45,100,116,1,2025-10-06 18:03:06,R_7MsrBCmKnwXVuIS,,,,,39.2891,-76.5583,anonymous,EN,1,5,5,3,3,5,5,7,6,6,7,3,6,5,7,7,7,6,7,2,4,3,4,2,2,3,4,4,4,60fd6e6d7b35102b8ca961a5,voice
2025-10-06 18:03:14,2025-10-06 18:04:26,0,76.86.27.121,100,72,1,2025-10-06 18:04:26,R_7wi4KUZZFf53d2t,,,,,34.1449,-118.3887,anonymous,EN,1,2,2,1,7,7,7,7,7,7,5,6,8,8,7,7,7,7,7,6,6,6,5,5,6,6,6,6,5,62bb42e2f21cfdb280cc975f,text
2025-10-06 18:02:38,2025-10-06 18:05:41,0,50.49.205.85,100,182,1,2025-10-06 18:05:41,R_6I5n3DEzqWL3m8C,,,,,41.328,-74.1894,anonymous,EN,1,1,1,1,6,1,1,7,7,2,7,2,7,7,7,7,7,2,7,5,5,5,5,3,3,3,3,3,3,5930c7fdfa699e0001017cc1,text
2025-10-06 17:19:16,2025-10-06 18:10:27,0,173.217.93.145,100,3071,1,2025-10-06 18:10:28,R_1wN5YdVdUp4cRga,,,,,30.1235,-93.1878,anonymous,EN,1,6,5,2,2,4,5,4,7,7,6,6,6,7,6,2,2,7,6,1,1,1,1,4,4,4,3,3,3,610e0a1e95c323743ff02dcb,voice
2025-10-06 18:12:51,2025-10-06 18:15:09,0,96.19.76.16,100,137,1,2025-10-06 18:15:09,R_3WhmrbzgLdq9P1f,,,,,43.6502,-116.4343,anonymous,EN,1,5,2,2,6,5,6,7,7,8,8,6,8,3,7,8,5,8,6,2,4,5,5,3,2,4,5,5,5,6621a2f38453311275d17d65,avatar
2025-10-06 18:14:17,2025-10-06 18:15:56,0,24.19.139.201,100,99,1,2025-10-06 18:15:57,R_1Gj2Ouev3WwBcDn,,,,,47.1445,-122.2548,anonymous,EN,1,6,6,5,1,1,2,2,2,8,1,5,1,7,1,1,1,8,1,5,4,4,4,2,2,6,1,1,1,67439be8ee2236a7c078d523,avatar
2025-10-06 18:13:56,2025-10-06 18:16:43,0,47.34.5.241,100,167,1,2025-10-06 18:16:44,R_3IlKwdanzOKUg5t,,,,,42.6331,-88.6437,anonymous,EN,1,2,2,2,6,4,4,6,6,4,6,5,6,5,5,6,6,5,6,4,4,4,4,2,2,2,3,3,2,649754db1c54fad23e345093,avatar
2025-10-06 18:16:22,2025-10-06 18:17:51,0,73.223.56.120,100,88,1,2025-10-06 18:17:51,R_7VMJFw2QVYD2eOt,,,,,37.7022,-121.9358,anonymous,EN,1,1,1,2,4,4,4,6,6,1,8,3,7,1,7,5,5,1,5,2,2,2,2,1,1,1,1,1,1,630abefa2e2a5053ffe0636d,avatar
2025-10-06 18:14:27,2025-10-06 18:18:13,0,24.198.97.245,100,225,1,2025-10-06 18:18:13,R_31EQckXfoAwv2W3,,,,,44.9342,-68.6453,anonymous,EN,1,3,5,3,4,5,5,6,6,5,6,2,5,6,5,6,5,6,6,2,4,4,5,3,2,4,4,5,4,6287a504c4cb277cf781b6bb,text
2025-10-06 18:17:24,2025-10-06 18:20:21,0,172.3.163.67,100,176,1,2025-10-06 18:20:21,R_5TFReBEupoa8dMt,,,,,29.2007,-81.0388,anonymous,EN,1,3,2,4,5,2,4,2,4,5,2,4,3,5,4,3,2,7,4,3,4,4,4,3,4,2,2,3,2,6759153b3eedcded280918ce,voice
2025-10-06 18:20:34,2025-10-06 18:23:35,0,174.204.67.170,100,181,1,2025-10-06 18:23:36,R_6tG6pNVTNBhNOLj,,,,,47.6109,-122.3303,anonymous,EN,1,2,2,4,5,6,6,7,7,2,8,2,8,2,8,8,7,2,8,4,4,5,4,4,3,4,5,5,4,673378009f99d14c232c1f2b,text
2025-10-06 18:20:05,2025-10-06 18:25:59,0,50.26.168.212,100,353,1,2025-10-06 18:25:59,R_6qNAT7VnkRiLjOm,,,,,33.5982,-101.8758,anonymous,EN,1,2,2,2,6,6,6,7,7,3,7,2,7,2,7,7,7,7,5,3,3,3,3,2,2,2,4,4,4,668525b0e1eff8d40c686ec0,text
2025-10-06 18:19:57,2025-10-06 18:26:06,0,184.92.125.74,100,368,1,2025-10-06 18:26:06,R_7Ex0JyCqZNWrSjT,,,,,30.7187,-97.7533,anonymous,EN,1,1,1,1,7,7,7,8,8,1,8,4,8,7,8,8,8,2,7,5,5,5,5,5,5,5,5,5,5,668bf688d58206e61f399a88,voice
2025-10-06 18:21:13,2025-10-06 18:26:46,0,99.26.148.250,100,332,1,2025-10-06 18:26:46,R_7ocxH4s73VrFZ0l,,,,,33.7871,-117.8821,anonymous,EN,1,1,1,1,6,5,6,7,6,1,7,2,7,2,7,7,7,2,7,5,5,5,5,5,5,5,5,5,5,5fba9fdd33207faa35f61df3,voice
2025-10-06 18:22:16,2025-10-06 18:26:58,0,47.232.124.67,100,282,1,2025-10-06 18:26:59,R_7fvoz5F7j0sFo7H,,,,,38.4481,-91.0193,anonymous,EN,1,1,1,1,6,6,6,8,8,2,8,1,6,7,7,7,5,4,5,4,4,4,4,4,4,3,3,4,4,663a4e1d7e5525f5851d04c5,text
2025-10-06 18:26:03,2025-10-06 18:27:21,0,47.34.155.35,100,78,1,2025-10-06 18:27:22,R_5Kj6pEik1CXkiJD,,,,,34.4802,-117.4093,anonymous,EN,1,1,1,1,5,3,3,6,6,3,6,3,6,6,5,5,5,5,5,2,2,2,2,1,1,3,3,4,4,6104d73b7cdac0a47a905f0d,voice
2025-10-06 18:29:20,2025-10-06 18:31:16,0,96.32.235.31,100,116,1,2025-10-06 18:31:17,R_3b0DIOHPWuMYkTt,,,,,36.5037,-87.2729,anonymous,EN,1,7,6,3,3,2,5,4,5,4,2,6,5,7,4,5,6,7,4,4,5,4,4,5,4,4,5,4,4,6646611de1c681c9cbb78feb,avatar
2025-10-06 18:25:55,2025-10-06 18:32:10,0,136.56.104.173,100,374,1,2025-10-06 18:32:11,R_56ngEkUggQ0QtD6,,,,,35.9153,-79.0386,anonymous,EN,1,3,5,3,5,4,5,5,5,7,5,8,6,5,2,5,5,6,5,2,2,2,2,2,2,2,3,3,3,6730214557beb89aa16e74c2,voice
2025-10-06 18:31:37,2025-10-06 18:33:53,0,24.115.49.185,100,136,1,2025-10-06 18:33:53,R_5uHAnUnxeJxR5Sm,,,,,40.9485,-75.9565,anonymous,EN,1,3,2,1,5,6,7,7,6,3,7,2,6,8,6,7,6,5,6,4,4,5,5,3,3,3,2,3,3,6296ecaf7ea72c4951583ffd,voice
2025-10-06 18:45:37,2025-10-06 18:47:57,0,208.66.211.6,100,139,1,2025-10-06 18:47:57,R_3dGhVY2xTrucj7b,,,,,41.2925,-82.219,anonymous,EN,1,3,3,3,5,4,5,7,5,4,7,2,7,5,6,6,6,5,6,4,4,4,4,3,3,3,3,3,3,663aa6420a964c2a7740b9d7,avatar
2025-10-06 18:41:32,2025-10-06 18:49:20,0,68.33.68.49,100,467,1,2025-10-06 18:49:20,R_7e455cq5Zw3IUFI,,,,,39.0851,-77.059,anonymous,EN,1,2,1,1,6,7,7,7,8,1,8,1,7,7,7,8,6,8,7,4,4,5,5,4,2,4,5,5,5,564e93659b124900127eb55b,avatar
2025-10-06 18:59:38,2025-10-06 19:00:20,0,96.233.158.14,100,41,1,2025-10-06 19:00:20,R_3JgaOFVQwT4YSGd,,,,,41.8451,-71.4388,anonymous,EN,1,1,1,1,6,6,6,7,7,1,7,1,5,1,6,7,7,7,7,4,4,4,4,3,3,3,3,3,3,62a885d5b6af18b3d4579e1b,avatar
2025-10-06 19:02:07,2025-10-06 19:03:36,0,98.42.183.22,100,88,1,2025-10-06 19:03:36,R_7JVBJhrhGWiqhos,,,,,36.6808,-121.6164,anonymous,EN,1,1,1,1,6,6,6,7,7,2,7,1,7,1,7,7,7,7,7,5,5,5,5,5,5,5,5,5,5,64309be1d7d085ed8ee4c129,text
2025-10-06 18:53:57,2025-10-06 19:05:59,0,73.205.189.4,100,722,1,2025-10-06 19:05:59,R_10924x0fuNQ8ZBY,,,,,25.6666,-80.4036,anonymous,EN,1,1,1,1,6,6,6,7,7,2,7,1,7,2,8,6,7,2,8,2,2,2,2,5,5,5,5,5,5,66709a4a49e9bb2c80c53c27,voice
2025-10-06 19:06:22,2025-10-06 19:07:58,0,76.176.145.107,100,96,1,2025-10-06 19:07:58,R_3GPubs4EU1CpLkz,,,,,32.8595,-117.2124,anonymous,EN,1,2,2,5,6,4,5,8,8,6,8,2,7,7,7,8,8,4,7,5,5,5,5,6,6,6,6,6,6,611e6704567a73202f78bef7,voice
2025-10-06 19:11:35,2025-10-06 19:15:05,0,99.39.57.183,100,210,1,2025-10-06 19:15:05,R_1hsaNbesmwQ4XIJ,,,,,30.0053,-91.8226,anonymous,EN,1,1,1,1,6,5,7,8,8,1,6,2,8,6,7,8,7,8,8,4,5,5,5,5,5,5,4,5,5,66e7a809808daaac1a79dd40,voice
2025-10-06 19:13:38,2025-10-06 19:16:28,0,104.36.104.127,100,169,1,2025-10-06 19:16:28,R_1PwBrkpGndsFET7,,,,,37.7725,-120.842,anonymous,EN,1,2,3,3,5,3,5,7,5,5,7,6,6,5,6,7,3,8,3,3,5,4,5,3,2,2,3,4,4,5d1c0e818d27eb0016164015,avatar
2025-10-06 19:13:10,2025-10-06 19:16:47,0,146.115.95.130,100,217,1,2025-10-06 19:16:48,R_3yrQAQsf5qeTNFf,,,,,42.5334,-70.9653,anonymous,EN,1,2,1,6,7,1,2,6,2,8,8,1,5,8,3,6,1,8,4,2,5,5,3,3,1,1,4,6,6,62f975cbc3507ecf77180d00,avatar
2025-10-06 19:20:16,2025-10-06 19:23:27,0,208.191.73.67,100,191,1,2025-10-06 19:23:28,R_5hxQfA3BfO3nxeN,,,,,41.6068,-81.4985,anonymous,EN,1,6,5,4,2,2,3,7,5,8,7,2,6,8,6,7,2,7,4,5,5,5,5,6,6,3,3,4,4,663817b7de64fca4fb45a414,voice
2025-10-06 19:23:00,2025-10-06 19:27:11,0,47.205.206.223,100,251,1,2025-10-06 19:27:12,R_6J380fUp1sYXXqN,,,,,27.5595,-82.3934,anonymous,EN,1,1,1,1,6,6,6,7,8,2,8,1,7,2,7,8,7,8,7,1,4,4,1,1,1,1,4,4,4,611622ddd8be1ac51298cb89,avatar
2025-10-06 18:54:52,2025-10-06 19:41:50,0,24.125.217.146,100,2817,1,2025-10-06 19:41:51,R_1j7bAThWbTwDXwZ,,,,,33.8607,-84.6884,anonymous,EN,1,1,1,1,7,5,7,8,8,1,6,1,8,6,8,8,3,1,8,2,5,6,6,3,3,3,5,6,6,5f3ebd568c429614c0f595e8,voice
2025-10-06 19:42:34,2025-10-06 19:49:48,0,68.104.0.62,100,433,1,2025-10-06 19:49:48,R_7jV9Shrqoe4Lg7s,,,,,36.2082,-115.2957,anonymous,EN,1,5,5,5,3,3,3,6,5,6,7,3,6,7,6,7,6,6,5,5,4,4,5,3,4,4,4,4,4,611edc7240c940f33a5dd554,voice
2025-10-06 19:46:27,2025-10-06 19:50:43,0,97.221.112.163,100,255,1,2025-10-06 19:50:43,R_5NFDzxWRnC2MbVK,,,,,26.6292,-81.968,anonymous,EN,1,1,1,1,7,4,6,8,6,2,7,2,7,5,8,6,4,6,6,4,4,5,5,4,5,5,4,5,4,6410e763dc2f2726ac16ee05,voice
2025-10-06 19:49:07,2025-10-06 19:53:39,0,72.219.4.224,100,271,1,2025-10-06 19:53:39,R_6GkvE5QMTPrOHUx,,,,,30.2735,-91.8993,anonymous,EN,1,5,4,2,6,6,6,7,7,5,8,2,7,5,7,7,7,7,7,4,4,4,4,3,3,3,3,3,3,65462d3be36b05a1f97d2dc8,avatar
2025-10-06 19:46:52,2025-10-06 19:59:37,0,73.155.193.132,100,765,1,2025-10-06 19:59:37,R_1XWhNCkXTVaa0FP,,,,,30.1024,-95.2297,anonymous,EN,1,1,1,1,7,7,7,7,8,2,6,1,7,4,8,8,7,5,8,5,5,5,5,6,6,6,5,5,6,641370f5a8d3826956778170,avatar
2025-10-06 19:56:39,2025-10-06 20:00:35,0,172.56.197.146,100,236,1,2025-10-06 20:00:36,R_1e9urCI0a0CGj80,,,,,42.415,-71.0527,anonymous,EN,1,1,1,1,7,4,7,8,8,3,8,2,8,1,8,8,8,1,8,3,3,2,2,2,2,2,1,3,1,670c06bb7926d2525a7a7755,avatar
2025-10-06 20:01:30,2025-10-06 20:04:35,0,76.33.31.117,100,184,1,2025-10-06 20:04:35,R_1EJCeojj8RbGxfH,,,,,32.7015,-114.643,anonymous,EN,1,6,7,6,4,3,5,8,6,6,8,6,7,6,6,7,4,7,6,4,5,5,6,4,2,4,3,6,5,67042cdf06ed4052bdf44c07,avatar
2025-10-06 20:18:07,2025-10-06 20:20:47,0,173.79.6.146,100,159,1,2025-10-06 20:20:47,R_3hu273LgAVHOa27,,,,,38.8463,-77.4667,anonymous,EN,1,2,2,5,6,3,3,5,5,2,6,2,2,5,5,3,2,3,3,2,3,2,3,4,4,3,3,3,3,5da8edc60f9c9c0017526948,avatar
2025-10-06 19:40:56,2025-10-06 20:21:55,0,96.225.77.42,100,2458,1,2025-10-06 20:21:55,R_1e3RVgGEhthYr9D,,,,,40.6679,-74.1178,anonymous,EN,1,6,7,2,6,3,1,5,1,5,5,2,3,5,2,1,2,5,3,3,3,1,4,2,3,2,1,1,2,58adfc6e7cf56d0001f931a2,voice
2025-10-06 20:21:15,2025-10-06 20:23:55,0,173.93.166.150,100,160,1,2025-10-06 20:23:56,R_1shfpDyecDb21Al,,,,,33.9739,-81.2345,anonymous,EN,1,6,6,5,5,3,3,5,4,6,5,4,7,6,4,6,6,7,7,4,5,4,5,3,3,3,4,4,4,640415971520c41606ca4389,voice
2025-10-06 20:30:20,2025-10-06 20:32:30,0,76.143.90.34,100,130,1,2025-10-06 20:32:31,R_7q3rvzUUWxANi3C,,,,,29.7376,-95.521,anonymous,EN,1,1,1,1,7,7,7,8,8,1,8,4,8,1,8,8,5,1,8,5,5,5,5,4,3,5,6,6,6,65e537f5dbc347495ce3c059,avatar
2025-10-06 20:31:53,2025-10-06 20:35:22,0,74.76.129.118,100,209,1,2025-10-06 20:35:23,R_7LbCdVFCAwGMRJQ,,,,,43.0831,-73.7846,anonymous,EN,1,5,5,3,3,2,2,6,3,5,7,3,5,6,7,1,2,6,2,2,3,1,1,3,2,3,2,2,3,664e835c732628231a08fff5,avatar
2025-10-06 20:31:06,2025-10-06 20:35:42,0,68.205.2.80,100,275,1,2025-10-06 20:35:42,R_71aBF7vG0M3yBrP,,,,,28.0647,-80.6206,anonymous,EN,1,4,5,1,3,5,7,7,8,2,6,1,6,4,6,6,4,5,5,2,5,5,5,3,3,2,4,5,4,67001c01bcb0cabf8a7f01e7,avatar
2025-10-06 20:39:34,2025-10-06 20:45:10,0,131.241.68.203,100,336,1,2025-10-06 20:45:11,R_1aIG1AbeFvYA7uh,,,,,39.6873,-83.9384,anonymous,EN,1,1,1,1,5,5,5,7,6,6,6,5,5,6,6,6,5,6,6,4,3,3,4,4,4,4,4,5,5,5a6e8532e6cc4a0001b6d728,avatar
2025-10-06 20:58:36,2025-10-06 21:01:36,0,67.161.97.177,100,180,1,2025-10-06 21:01:37,R_6dGJvSS1fVxvwir,,,,,47.4936,-122.2415,anonymous,EN,1,3,2,2,6,6,6,6,8,2,6,2,7,3,7,7,5,8,7,2,3,4,4,3,3,3,3,3,3,66ca18ce20c4af7baa912758,avatar
2025-10-07 12:23:03,2025-10-07 12:25:01,0,70.127.56.95,100,117,1,2025-10-07 12:25:01,R_5KvGpqJQvQVex2N,,,,,27.9822,-81.6706,anonymous,EN,1,6,5,2,2,5,5,6,7,5,5,2,7,6,5,4,5,6,8,2,5,6,5,2,3,1,1,3,2,6633a48b83e72a859fde7144,avatar
2025-10-07 12:24:54,2025-10-07 12:27:13,0,76.124.15.70,100,139,1,2025-10-07 12:27:14,R_5zeEbUP6wwzFoAe,,,,,40.0356,-75.1763,anonymous,EN,1,1,1,1,7,4,7,7,8,4,5,1,7,5,7,8,5,5,7,4,5,4,4,4,4,4,4,4,4,616dac30fd433eb926c5ceaa,text
2025-10-07 12:26:42,2025-10-07 12:30:47,0,68.160.137.87,100,245,1,2025-10-07 12:30:48,R_3F8wye1jAgMx88H,,,,,42.2705,-71.8447,anonymous,EN,1,5,2,3,2,3,4,7,6,7,6,8,6,5,6,3,5,5,7,3,5,5,6,4,5,4,1,5,3,6646abc0720d1baaa7e0af4c,voice
2025-10-07 12:27:04,2025-10-07 12:31:35,0,71.112.156.188,100,270,1,2025-10-07 12:31:35,R_5jvcZwL7E1S1LgZ,,,,,40.4049,-79.8188,anonymous,EN,1,4,4,2,3,5,5,7,7,4,7,2,8,7,6,7,5,5,7,4,5,5,6,4,4,5,5,5,5,662948ed99960b11f2f8e3fe,voice
2025-10-07 12:29:01,2025-10-07 12:32:15,0,72.129.139.70,100,194,1,2025-10-07 12:32:16,R_1CeyOg5P9zcga10,,,,,44.5034,-87.9813,anonymous,EN,1,1,1,1,6,6,6,7,7,3,7,2,8,4,7,8,6,5,6,4,4,5,5,4,5,6,6,6,6,6630ff1a437b51ceddadb038,avatar
2025-10-07 12:40:44,2025-10-07 12:44:46,0,68.251.190.68,100,241,1,2025-10-07 12:44:46,R_6eOUJ1By51c4ei5,,,,,42.8899,-85.6148,anonymous,EN,1,5,3,4,4,4,4,5,6,4,6,3,6,6,5,7,7,8,7,4,5,5,5,4,3,3,4,4,4,6742864af334030ad769a482,voice
2025-10-07 13:32:33,2025-10-07 13:34:26,0,184.23.62.143,100,112,1,2025-10-07 13:34:26,R_1CpaVewyicyJw4g,,,,,37.3512,-121.8846,anonymous,EN,1,5,2,2,4,5,5,7,5,5,5,3,5,5,5,6,5,6,4,4,4,4,4,3,2,3,3,4,4,65983c420d89145cbdb05468,voice
2025-10-08 10:33:23,2025-10-08 10:36:27,0,69.249.167.92,100,184,1,2025-10-08 10:36:27,R_67pPQwZDRsl0HDm,,,,,40.245,-75.1331,anonymous,EN,1,5,3,5,3,3,3,7,4,5,7,4,5,4,6,6,5,5,4,3,4,3,4,2,2,3,3,3,3,66fdd6ecd96e23c98cf47a4a,control
2025-10-08 10:48:43,2025-10-08 10:51:18,0,24.93.194.170,100,155,1,2025-10-08 10:51:19,R_7rUFefAz9gX0kQV,,,,,41.0708,-81.5511,anonymous,EN,1,5,1,1,6,2,5,8,8,3,8,1,8,3,8,8,5,1,6,3,3,5,5,2,2,4,4,5,5,67388861a4434c34f877785d,control
2025-10-08 11:05:11,2025-10-08 11:07:46,0,75.134.229.200,100,155,1,2025-10-08 11:07:46,R_5oKIIpjZitIXszD,,,,,41.7829,-72.3319,anonymous,EN,1,5,3,3,4,5,5,6,6,3,5,2,6,5,6,5,6,6,5,4,5,4,5,3,3,5,5,5,5,660d6b2e957fa582ec87816f,control
2025-10-08 11:07:07,2025-10-08 11:09:39,0,50.91.227.104,100,152,1,2025-10-08 11:09:40,R_6iYH2TVa8441nmF,,,,,35.5954,-119.342,anonymous,EN,1,6,2,4,4,6,6,6,6,6,6,5,6,6,5,4,2,7,5,1,1,1,1,3,3,2,1,2,2,673c90022c553e1b8f60a3af,control
2025-10-08 11:08:05,2025-10-08 11:13:38,0,172.1.171.168,100,333,1,2025-10-08 11:13:39,R_6oC25xkQ8afPsOM,,,,,33.6163,-84.2945,anonymous,EN,1,1,1,4,5,1,1,8,4,5,6,2,5,5,7,5,3,5,3,4,4,4,4,3,3,4,4,4,4,667dc21819f1e0f06520b7e0,control
2025-10-08 11:10:37,2025-10-08 11:13:54,0,8.9.84.7,100,197,1,2025-10-08 11:13:55,R_6uZIe38f8eZ93M1,,,,,43.114,-77.5689,anonymous,EN,1,2,2,2,6,5,6,6,6,2,5,2,7,7,6,5,4,3,4,2,2,3,4,2,2,2,4,4,4,62b20c0065e9809e66d13fa5,control
2025-10-08 11:13:48,2025-10-08 11:15:27,0,172.56.16.187,100,99,1,2025-10-08 11:15:28,R_3JN25meE9OBEGMV,,,,,41.85,-87.7165,anonymous,EN,1,4,5,3,6,5,4,5,4,5,5,4,5,5,4,3,5,5,4,4,3,4,5,4,3,4,4,3,3,67299a3cb9242638dd2556db,control
2025-10-08 10:27:54,2025-10-08 11:28:49,0,35.148.142.45,100,3655,1,2025-10-08 11:28:49,R_6siQipPs89I8TPl,,,,,36.6773,-76.9343,anonymous,EN,1,1,1,1,7,7,7,8,8,1,7,5,8,7,7,8,8,8,8,6,6,6,6,4,5,2,6,6,6,62e6c5d05d354e1f99d612e4,control
2025-10-08 11:23:03,2025-10-08 11:30:01,0,172.56.64.114,100,418,1,2025-10-08 11:30:01,R_5Iuz1RXC9qYLviV,,,,,33.7173,-84.4783,anonymous,EN,1,5,4,1,2,1,5,7,5,2,7,1,5,1,7,8,5,6,7,2,4,3,4,2,1,1,3,3,3,63039dbefda87c47a91fec04,control
2025-10-08 11:34:23,2025-10-08 11:36:03,0,68.110.12.203,100,99,1,2025-10-08 11:36:03,R_1QGTWfj48pXhja4,,,,,33.7069,-112.4332,anonymous,EN,1,2,2,2,6,6,6,7,7,3,8,2,7,3,7,8,6,2,7,3,4,4,4,3,3,4,4,4,4,61363ce02e6022a741d63a6e,control
2025-10-08 11:36:11,2025-10-08 11:37:06,0,70.174.230.67,100,55,1,2025-10-08 11:37:07,R_5PnFAI3TkRnKRfI,,,,,35.483,-97.5363,anonymous,EN,1,1,1,1,7,4,7,7,8,1,8,1,8,1,8,8,8,1,8,5,5,5,5,4,4,4,4,4,4,62029a55ef1cb18a1337c61a,control
2025-10-08 11:40:07,2025-10-08 11:42:01,0,108.1.103.185,100,114,1,2025-10-08 11:42:01,R_1hEfOIkhyyKYdaq,,,,,40.7251,-73.2454,anonymous,EN,1,5,5,6,4,2,2,3,4,8,5,4,5,4,5,2,6,6,5,2,3,5,5,1,3,2,3,4,3,67c9e8e5ec86b1f821a8d5c7,control
2025-10-08 11:48:10,2025-10-08 11:51:01,0,66.219.193.227,100,170,1,2025-10-08 11:51:02,R_6PQP8C95D3HVNry,,,,,40.6981,-111.9999,anonymous,EN,1,2,2,2,6,5,6,4,3,5,5,6,6,7,3,2,2,7,3,3,4,4,4,2,1,2,3,3,3,66f1b4e2d875c6785ca1d50a,control
2025-10-08 12:04:06,2025-10-08 12:06:57,0,71.209.199.86,100,171,1,2025-10-08 12:06:58,R_1u4zlRnlCoT7xjX,,,,,33.5141,-112.1235,anonymous,EN,1,5,3,1,5,1,5,5,8,4,5,8,5,5,5,8,4,8,8,3,6,6,6,3,3,4,3,6,6,61489a7c8f9dfcc9f78b7c36,control
2025-10-08 12:04:35,2025-10-08 12:07:12,0,69.168.2.162,100,156,1,2025-10-08 12:07:13,R_1cuppjhE4cs7jAj,,,,,43.6444,-72.2455,anonymous,EN,1,5,5,2,4,2,6,2,2,7,3,2,3,7,2,4,2,8,6,3,3,5,2,2,2,2,2,3,3,65c243c37e0d77ca70ee030e,control
2025-10-08 12:18:13,2025-10-08 12:21:19,0,16.98.20.27,100,185,1,2025-10-08 12:21:19,R_61TN97LH6iArdpg,,,,,28.9284,-82.4921,anonymous,EN,1,2,5,5,5,2,4,3,3,6,5,8,4,8,5,6,3,5,5,4,4,4,4,3,3,3,3,3,3,5dc474fd45b8f933f16d6241,control
2025-10-08 12:48:32,2025-10-08 12:50:25,0,99.35.184.43,100,113,1,2025-10-08 12:50:26,R_1Y3Nw0DmpPU0z9C,,,,,32.4648,-99.7589,anonymous,EN,1,1,1,1,6,5,6,6,7,1,6,2,7,2,6,5,7,4,6,3,4,4,5,3,4,3,5,4,4,63d7fb6ee49281f6c41d6630,control
2025-10-08 13:04:10,2025-10-08 13:07:02,0,64.223.194.202,100,171,1,2025-10-08 13:07:03,R_1PdUQkEiA1ZWJAt,,,,,43.6327,-70.2735,anonymous,EN,1,5,3,2,6,5,7,5,6,5,6,3,7,5,6,7,2,6,5,4,3,5,5,4,4,4,4,4,4,66e9b926c782e4f47a05ec7c,control
2025-10-08 13:03:08,2025-10-08 13:07:29,0,73.174.163.197,100,260,1,2025-10-08 13:07:29,R_1oXFc0W1zPWoip9,,,,,40.4697,-78.8351,anonymous,EN,1,6,6,4,3,3,4,3,5,7,4,4,3,7,3,4,3,7,5,1,2,2,5,2,2,2,3,3,3,6711e09a6906af2fa5b782bd,control
2025-10-08 13:09:40,2025-10-08 13:11:33,0,100.37.255.140,100,112,1,2025-10-08 13:11:33,R_5wBLAxfmYfrcag2,,,,,40.7234,-73.7021,anonymous,EN,1,1,1,1,5,4,5,7,7,5,7,2,2,3,7,8,6,5,6,4,4,4,4,3,2,4,5,5,5,5a79f3f3000dab00018c31d0,control
2025-10-08 13:43:22,2025-10-08 13:45:43,0,99.57.139.117,100,141,1,2025-10-08 13:45:44,R_6hrLBYPC312u5so,,,,,37.2808,-121.9572,anonymous,EN,1,1,1,2,6,6,6,4,5,7,4,8,7,4,3,7,7,8,8,4,4,4,6,3,2,1,3,4,5,6673023f164ea88cbe14e203,control
2025-10-08 14:02:53,2025-10-08 14:06:43,0,173.169.140.113,100,230,1,2025-10-08 14:06:43,R_3CWbqhH2Mv3gRVw,,,,,28.1951,-81.6062,anonymous,EN,1,1,1,1,6,6,7,5,8,1,5,2,7,7,8,6,7,1,7,2,3,3,2,4,3,4,5,4,4,60cb3c4b9454f7a196355088,control
2025-10-08 14:08:37,2025-10-08 14:10:03,0,172.59.69.232,100,86,1,2025-10-08 14:10:04,R_7pQxvpFBK3ijSmZ,,,,,30.3478,-81.6493,anonymous,EN,1,4,5,4,6,4,5,7,6,5,6,3,6,5,7,6,4,6,6,1,2,2,2,3,3,3,4,4,4,678f46cd0f21903076471f34,control
2025-10-08 13:58:18,2025-10-08 14:16:36,0,99.72.62.51,100,1097,1,2025-10-08 14:16:36,R_7Rz0rpzeIcAkleK,,,,,26.1783,-80.2734,anonymous,EN,1,2,1,2,5,6,6,6,5,2,3,6,2,6,6,2,1,8,2,1,2,1,1,3,3,2,3,2,4,64135e3d9cd5e3f16290d29c,control
2025-10-08 14:15:30,2025-10-08 14:17:16,0,174.127.158.223,100,105,1,2025-10-08 14:17:17,R_1DNVqnymius6RL4,,,,,45.5288,-122.6821,anonymous,EN,1,5,2,3,5,4,4,7,5,5,5,3,6,6,5,6,5,6,6,4,4,5,5,4,3,3,3,4,4,6536a9f9ac4d61b9d34f5b3b,control
2025-10-08 14:14:51,2025-10-08 14:17:53,0,96.241.54.101,100,181,1,2025-10-08 14:17:53,R_6FcWn0nuSUzQWeR,,,,,38.8851,-77.1803,anonymous,EN,1,3,2,3,4,4,4,7,8,6,7,8,7,8,6,4,2,4,6,1,1,1,1,3,3,3,3,2,3,5e646abe244a7f1feb0f6321,control
2025-10-08 14:15:40,2025-10-08 14:22:54,0,172.225.246.25,100,433,1,2025-10-08 14:22:54,R_7Kxvft5HTr0AJAR,,,,,33.7485,-84.3871,anonymous,EN,1,1,5,4,6,6,2,7,8,8,7,1,6,5,7,8,8,8,7,4,5,1,6,5,6,6,4,5,6,663631e9a98cfc7ea17bbde6,control
2025-10-08 14:22:30,2025-10-08 14:23:47,0,76.171.173.154,100,77,1,2025-10-08 14:23:48,R_7j9yJA94uYGkoVP,,,,,33.1062,-117.2947,anonymous,EN,1,1,1,1,6,6,6,8,7,2,7,2,7,2,7,7,7,2,8,4,4,5,5,5,4,5,5,5,5,63ffcb367b500c516d0648a2,control
2025-10-08 14:16:02,2025-10-08 14:25:47,0,107.122.105.66,100,584,1,2025-10-08 14:25:47,R_6pswuyA51dx5L6g,,,,,28.3939,-81.4216,anonymous,EN,1,5,4,3,4,5,6,5,7,5,4,4,4,3,3,4,6,3,3,4,3,2,4,3,4,5,4,3,3,66ef8c16db6307178a651f0a,control
2025-10-08 14:15:28,2025-10-08 14:26:15,0,73.171.189.50,100,646,1,2025-10-08 14:26:15,R_3qBukqfaJRiVI3V,,,,,30.011,-81.4108,anonymous,EN,1,2,2,2,6,6,6,7,7,2,7,2,7,7,7,7,7,2,7,5,5,5,5,2,2,2,4,4,4,588ab33542c8e900019d02ae,control
2025-10-08 14:15:36,2025-10-08 14:30:55,0,184.179.135.184,100,919,1,2025-10-08 14:30:56,R_67EBJoos7zG3X1t,,,,,33.4602,-112.1334,anonymous,EN,1,2,2,2,5,5,5,5,6,6,6,5,6,5,5,6,6,5,5,4,4,5,4,4,5,4,4,4,4,5dce3ccc32ccbf0cd54263db,control
2025-10-08 14:33:40,2025-10-08 14:36:58,0,24.188.12.80,100,197,1,2025-10-08 14:36:58,R_5EG64mEL10AMNRu,,,,,40.6372,-73.9037,anonymous,EN,1,3,4,2,5,6,6,7,8,3,6,3,7,2,7,7,6,5,7,3,3,5,3,4,5,4,5,3,4,5c88665f24efd80016b948b5,control
2025-10-08 14:43:57,2025-10-08 14:45:56,0,209.196.189.154,100,118,1,2025-10-08 14:45:56,R_55z6eMRLnEWI0XQ,,,,,26.7094,-80.0465,anonymous,EN,1,4,2,3,5,3,5,7,4,5,5,6,4,5,3,2,2,8,6,1,2,4,3,3,2,3,4,4,4,67588a443ddaa03e391bcbe8,control
